id,to_person
1019,0
449,1
840,2
255,3
250,4
916,5
193,6
620,7
353,8
74,9
1009,10
483,11
285,12
1135,13
1179,14
460,15
300,16
733,17
109,18
371,19
164,20
1093,21
867,22
490,23
152,24
657,25
1145,26
423,27
90,28
481,29
1292,30
466,31
269,32
857,33
119,34
729,35
815,36
57,37
193,38
313,39
616,40
34,41
153,42
1166,43
674,44
561,45
645,46
743,47
1197,48
786,49
1030,50
1113,51
985,52
1100,53
679,54
462,55
139,56
1147,57
895,58
913,59
843,60
712,61
1338,62
1302,63
602,64
83,65
61,66
1170,67
804,68
204,69
855,70
380,71
1167,72
872,73
514,74
976,75
494,76
637,77
554,78
1228,79
622,80
274,81
808,82
736,83
623,84
1013,85
644,86
748,87
1239,88
542,89
821,90
554,91
236,92
861,93
435,94
124,95
943,96
390,97
930,98
801,99
348,100
688,101
1303,102
1207,103
665,104
1204,105
363,106
825,107
1228,108
852,109
389,110
69,111
941,112
1179,113
1297,114
1250,115
458,116
812,117
232,118
10,119
1008,120
390,121
599,122
245,123
415,124
810,125
819,126
344,127
518,128
92,129
115,130
294,131
836,132
968,133
1130,134
756,135
556,136
319,137
121,138
1038,139
535,140
151,141
1347,142
786,143
1242,144
1208,145
185,146
616,147
432,148
1245,149
621,150
1210,151
667,152
247,153
393,154
344,155
1195,156
1329,157
879,158
1170,159
693,160
463,161
405,162
15,163
693,164
1222,165
143,166
1014,167
558,168
842,169
855,170
425,171
786,172
461,173
1249,174
928,175
793,176
938,177
759,178
490,179
673,180
334,181
185,182
386,183
326,184
413,185
641,186
1335,187
1196,188
94,189
461,190
51,191
281,192
674,193
283,194
1348,195
53,196
1121,197
536,198
677,199
482,200
1070,201
882,202
59,203
1015,204
225,205
699,206
1107,207
864,208
1150,209
351,210
931,211
1061,212
822,213
152,214
396,215
502,216
807,217
1320,218
400,219
1171,220
641,221
1311,222
756,223
599,224
153,225
1050,226
1132,227
1199,228
429,229
833,230
872,231
91,232
1122,233
1258,234
604,235
277,236
117,237
720,238
183,239
167,240
769,241
1283,242
697,243
1162,244
331,245
8,246
982,247
508,248
1089,249
897,250
427,251
813,252
702,253
1349,254
610,255
532,256
700,257
1083,258
1340,259
834,260
1233,261
1004,262
760,263
174,264
29,265
406,266
1346,267
1052,268
1292,269
347,270
225,271
622,272
1033,273
130,274
1050,275
617,276
826,277
645,278
137,279
1064,280
536,281
899,282
975,283
126,284
1236,285
344,286
1059,287
1102,288
89,289
1109,290
359,291
243,292
502,293
707,294
1218,295
1283,296
31,297
1319,298
330,299
793,300
689,301
280,302
910,303
818,304
1024,305
1292,306
1290,307
1045,308
373,309
422,310
1230,311
962,312
863,313
842,314
1341,315
546,316
1204,317
511,318
1092,319
372,320
985,321
825,322
700,323
299,324
73,325
1152,326
411,327
94,328
1343,329
1216,330
370,331
635,332
822,333
1330,334
1075,335
518,336
3,337
1036,338
837,339
1054,340
1049,341
93,342
663,343
736,344
67,345
928,346
1113,347
222,348
655,349
570,350
340,351
554,352
496,353
1278,354
1318,355
27,356
1164,357
53,358
1002,359
841,360
163,361
510,362
914,363
622,364
1325,365
1135,366
1301,367
635,368
906,369
1050,370
775,371
195,372
594,373
528,374
702,375
170,376
1008,377
937,378
390,379
388,380
305,381
491,382
455,383
1221,384
662,385
128,386
641,387
1056,388
297,389
662,390
933,391
783,392
65,393
461,394
1118,395
121,396
427,397
462,398
805,399
1076,400
107,401
280,402
360,403
653,404
595,405
957,406
172,407
489,408
480,409
577,410
281,411
246,412
793,413
483,414
1068,415
603,416
332,417
813,418
1117,419
573,420
713,421
290,422
290,423
1286,424
21,425
551,426
189,427
900,428
1131,429
180,430
817,431
1107,432
1183,433
166,434
530,435
618,436
396,437
222,438
975,439
694,440
728,441
585,442
334,443
759,444
752,445
1003,446
616,447
952,448
866,449
599,450
336,451
1325,452
344,453
1104,454
421,455
487,456
686,457
97,458
899,459
706,460
189,461
424,462
372,463
1099,464
768,465
1065,466
653,467
921,468
925,469
989,470
478,471
1273,472
1044,473
194,474
947,475
1266,476
214,477
1176,478
462,479
674,480
689,481
1269,482
53,483
679,484
428,485
475,486
131,487
764,488
1304,489
231,490
205,491
791,492
990,493
696,494
975,495
43,496
1054,497
1288,498
473,499
687,500
127,501
408,502
796,503
610,504
345,505
342,506
1202,507
1013,508
592,509
1274,510
1083,511
237,512
538,513
580,514
1319,515
425,516
765,517
549,518
984,519
1067,520
484,521
500,522
950,523
1050,524
170,525
574,526
13,527
1246,528
517,529
797,530
702,531
1103,532
962,533
524,534
1099,535
479,536
1024,537
216,538
1140,539
20,540
185,541
1179,542
619,543
1309,544
121,545
958,546
958,547
700,548
204,549
309,550
1131,551
59,552
900,553
885,554
136,555
698,556
975,557
278,558
1308,559
561,560
704,561
608,562
179,563
852,564
380,565
122,566
6,567
414,568
1256,569
549,570
56,571
1200,572
334,573
1340,574
1269,575
183,576
1185,577
104,578
1280,579
463,580
625,581
1057,582
599,583
1020,584
1329,585
853,586
180,587
575,588
682,589
89,590
125,591
1337,592
68,593
1193,594
57,595
98,596
1298,597
655,598
1126,599
985,600
180,601
1110,602
986,603
988,604
781,605
1267,606
814,607
592,608
332,609
448,610
227,611
1145,612
341,613
1029,614
174,615
39,616
1118,617
1139,618
290,619
1344,620
603,621
458,622
168,623
297,624
147,625
792,626
947,627
906,628
1338,629
183,630
273,631
911,632
913,633
646,634
1050,635
966,636
824,637
1150,638
201,639
242,640
743,641
1133,642
621,643
145,644
543,645
651,646
267,647
981,648
626,649
556,650
528,651
487,652
430,653
1163,654
163,655
774,656
158,657
610,658
373,659
1131,660
334,661
583,662
623,663
1044,664
473,665
257,666
736,667
88,668
332,669
273,670
883,671
398,672
515,673
433,674
899,675
697,676
932,677
919,678
443,679
1237,680
209,681
1322,682
312,683
626,684
1135,685
1300,686
1346,687
889,688
334,689
511,690
590,691
941,692
1139,693
994,694
1191,695
1186,696
1118,697
1165,698
1200,699
1346,700
1156,701
875,702
415,703
1263,704
1111,705
921,706
83,707
58,708
1158,709
1083,710
116,711
514,712
776,713
747,714
170,715
320,716
415,717
1086,718
626,719
465,720
876,721
641,722
55,723
678,724
1066,725
213,726
1068,727
505,728
457,729
1180,730
278,731
636,732
968,733
764,734
140,735
266,736
324,737
264,738
365,739
846,740
1212,741
760,742
86,743
828,744
203,745
20,746
853,747
276,748
1060,749
307,750
182,751
243,752
99,753
787,754
1073,755
608,756
836,757
239,758
166,759
765,760
307,761
277,762
50,763
605,764
745,765
1112,766
711,767
1065,768
274,769
536,770
189,771
943,772
974,773
562,774
209,775
155,776
1346,777
983,778
790,779
1190,780
5,781
522,782
953,783
12,784
545,785
215,786
683,787
1026,788
535,789
691,790
118,791
730,792
1015,793
971,794
964,795
4,796
254,797
544,798
1130,799
386,800
566,801
832,802
353,803
1205,804
468,805
25,806
1311,807
1188,808
299,809
756,810
1333,811
1242,812
45,813
112,814
832,815
495,816
999,817
40,818
1189,819
681,820
1314,821
348,822
152,823
177,824
323,825
296,826
236,827
389,828
245,829
331,830
1238,831
153,832
31,833
549,834
513,835
988,836
448,837
1093,838
155,839
391,840
186,841
37,842
346,843
622,844
164,845
104,846
1002,847
44,848
235,849
707,850
209,851
1236,852
257,853
332,854
463,855
562,856
973,857
1300,858
2,859
175,860
562,861
896,862
233,863
343,864
1226,865
134,866
988,867
834,868
853,869
495,870
875,871
1107,872
1144,873
703,874
714,875
630,876
935,877
13,878
714,879
1150,880
1185,881
294,882
715,883
1101,884
1040,885
554,886
1114,887
1171,888
201,889
470,890
753,891
448,892
761,893
532,894
1259,895
1190,896
833,897
1183,898
781,899
434,900
778,901
79,902
290,903
838,904
113,905
821,906
672,907
401,908
969,909
627,910
943,911
418,912
24,913
954,914
1169,915
342,916
700,917
361,918
121,919
1289,920
151,921
212,922
480,923
700,924
40,925
544,926
43,927
316,928
174,929
1189,930
1153,931
1296,932
358,933
558,934
1008,935
385,936
1217,937
34,938
791,939
287,940
1212,941
858,942
893,943
616,944
138,945
1250,946
1208,947
1183,948
1288,949
396,950
399,951
113,952
743,953
424,954
944,955
828,956
506,957
1130,958
156,959
642,960
822,961
524,962
143,963
559,964
990,965
789,966
45,967
145,968
428,969
1142,970
1255,971
1085,972
102,973
2,974
1246,975
357,976
1343,977
131,978
1100,979
85,980
335,981
478,982
744,983
887,984
1078,985
417,986
1329,987
565,988
948,989
107,990
1044,991
461,992
53,993
818,994
663,995
154,996
1002,997
721,998
92,999
